<list>
  <com.dotmarketing.portlets.templates.model.TemplateVersionInfo>
    <identifier>003d08f4-e0c9-4bc7-9949-b686301338ba</identifier>
    <workingInode>8eac1ee6-ec29-4629-a32f-678d5c4a68e4</workingInode>
    <lockedOn class="sql-timestamp">2013-05-06 18:50:04.656</lockedOn>
    <deleted>true</deleted>
    <versionTs class="sql-timestamp">2013-05-06 19:05:40.72</versionTs>
  </com.dotmarketing.portlets.templates.model.TemplateVersionInfo>
  <com.dotmarketing.portlets.templates.model.TemplateVersionInfo>
    <identifier>0a1cf815-ac9a-4619-9100-19631b739776</identifier>
    <liveInode>b320cc4d-ec82-4b49-b511-4a03001d56c2</liveInode>
    <workingInode>b320cc4d-ec82-4b49-b511-4a03001d56c2</workingInode>
    <lockedOn class="sql-timestamp">2012-12-03 22:58:33.631</lockedOn>
    <deleted>false</deleted>
    <versionTs class="sql-timestamp">2012-12-03 22:58:33.632</versionTs>
  </com.dotmarketing.portlets.templates.model.TemplateVersionInfo>
  <com.dotmarketing.portlets.templates.model.TemplateVersionInfo>
    <identifier>0f2d2e2d-ecdd-4b6a-9692-1f511b81af5e</identifier>
    <liveInode>aea3431c-4ea2-409d-916e-62dd75fa3457</liveInode>
    <workingInode>aea3431c-4ea2-409d-916e-62dd75fa3457</workingInode>
    <lockedOn class="sql-timestamp">2012-07-10 19:35:28.523</lockedOn>
    <deleted>false</deleted>
    <versionTs class="sql-timestamp">2012-07-10 19:35:28.531</versionTs>
  </com.dotmarketing.portlets.templates.model.TemplateVersionInfo>
  <com.dotmarketing.portlets.templates.model.TemplateVersionInfo>
    <identifier>32d79748-2172-47f9-a407-8395f41c9d5e</identifier>
    <liveInode>b15d2447-3bfc-42b4-b2ac-772b82728af6</liveInode>
    <workingInode>b15d2447-3bfc-42b4-b2ac-772b82728af6</workingInode>
    <lockedOn class="sql-timestamp">2013-07-26 16:17:20.237</lockedOn>
    <deleted>false</deleted>
    <versionTs class="sql-timestamp">2013-07-26 16:17:20.238</versionTs>
  </com.dotmarketing.portlets.templates.model.TemplateVersionInfo>
  <com.dotmarketing.portlets.templates.model.TemplateVersionInfo>
    <identifier>3622f559-7ea7-4b7a-96ce-1313f3b1a2f5</identifier>
    <liveInode>d2d9d192-cfed-4ca5-b739-3d4b96b7c339</liveInode>
    <workingInode>d2d9d192-cfed-4ca5-b739-3d4b96b7c339</workingInode>
    <lockedOn class="sql-timestamp">2013-05-06 19:11:28.851</lockedOn>
    <deleted>false</deleted>
    <versionTs class="sql-timestamp">2013-05-06 19:11:28.859</versionTs>
  </com.dotmarketing.portlets.templates.model.TemplateVersionInfo>
  <com.dotmarketing.portlets.templates.model.TemplateVersionInfo>
    <identifier>7623ea3e-c0e6-46d8-8db6-9070f7bfc342</identifier>
    <liveInode>3a27e4f5-0e95-4bff-9d08-80651a970118</liveInode>
    <workingInode>3a27e4f5-0e95-4bff-9d08-80651a970118</workingInode>
    <lockedOn class="sql-timestamp">2013-05-06 19:14:43.993</lockedOn>
    <deleted>false</deleted>
    <versionTs class="sql-timestamp">2013-05-06 19:14:43.994</versionTs>
  </com.dotmarketing.portlets.templates.model.TemplateVersionInfo>
  <com.dotmarketing.portlets.templates.model.TemplateVersionInfo>
    <identifier>8380507e-9491-4e53-9a66-28b2754ac9e9</identifier>
    <liveInode>7b1ac8d5-2d98-40d5-a600-6a2afa4d892f</liveInode>
    <workingInode>7b1ac8d5-2d98-40d5-a600-6a2afa4d892f</workingInode>
    <lockedOn class="sql-timestamp">2013-05-06 19:11:08.161</lockedOn>
    <deleted>false</deleted>
    <versionTs class="sql-timestamp">2013-05-06 19:11:08.174</versionTs>
  </com.dotmarketing.portlets.templates.model.TemplateVersionInfo>
  <com.dotmarketing.portlets.templates.model.TemplateVersionInfo>
    <identifier>8660b482-1ef6-4d00-9459-3996e703ba19</identifier>
    <liveInode>af615e50-201f-476f-b612-7661e08308ef</liveInode>
    <workingInode>af615e50-201f-476f-b612-7661e08308ef</workingInode>
    <lockedOn class="sql-timestamp">2013-05-06 19:11:45.698</lockedOn>
    <deleted>false</deleted>
    <versionTs class="sql-timestamp">2013-05-06 19:11:45.705</versionTs>
  </com.dotmarketing.portlets.templates.model.TemplateVersionInfo>
  <com.dotmarketing.portlets.templates.model.TemplateVersionInfo>
    <identifier>9341b41d-e4d8-4ac3-bcca-5ac241db4f5d</identifier>
    <liveInode>87391882-4537-4c63-bf88-28c3d20da518</liveInode>
    <workingInode>87391882-4537-4c63-bf88-28c3d20da518</workingInode>
    <lockedOn class="sql-timestamp">2012-07-10 20:07:53.558</lockedOn>
    <deleted>false</deleted>
    <versionTs class="sql-timestamp">2012-07-10 20:07:53.58</versionTs>
  </com.dotmarketing.portlets.templates.model.TemplateVersionInfo>
  <com.dotmarketing.portlets.templates.model.TemplateVersionInfo>
    <identifier>9396ac6a-d32c-4539-966e-c776e7562cfb</identifier>
    <liveInode>032ec53e-61a4-4cef-871e-57f99ead1ef9</liveInode>
    <workingInode>032ec53e-61a4-4cef-871e-57f99ead1ef9</workingInode>
    <lockedOn class="sql-timestamp">2013-05-06 19:11:51.069</lockedOn>
    <deleted>false</deleted>
    <versionTs class="sql-timestamp">2013-05-06 19:11:51.077</versionTs>
  </com.dotmarketing.portlets.templates.model.TemplateVersionInfo>
  <com.dotmarketing.portlets.templates.model.TemplateVersionInfo>
    <identifier>959821e3-83d4-4de6-826d-7395a6ce6f97</identifier>
    <liveInode>6e6fe518-8d75-46f1-acac-23b03105cb09</liveInode>
    <workingInode>6e6fe518-8d75-46f1-acac-23b03105cb09</workingInode>
    <lockedOn class="sql-timestamp">2013-05-06 19:11:57.499</lockedOn>
    <deleted>false</deleted>
    <versionTs class="sql-timestamp">2013-05-06 19:11:57.507</versionTs>
  </com.dotmarketing.portlets.templates.model.TemplateVersionInfo>
  <com.dotmarketing.portlets.templates.model.TemplateVersionInfo>
    <identifier>993d1322-b209-4720-b4c7-a0f816c49df8</identifier>
    <liveInode>bace6d28-840a-4aae-acd5-5490624d1adb</liveInode>
    <workingInode>bace6d28-840a-4aae-acd5-5490624d1adb</workingInode>
    <lockedOn class="sql-timestamp">2012-07-10 19:40:01.974</lockedOn>
    <deleted>false</deleted>
    <versionTs class="sql-timestamp">2012-07-10 19:40:01.996</versionTs>
  </com.dotmarketing.portlets.templates.model.TemplateVersionInfo>
  <com.dotmarketing.portlets.templates.model.TemplateVersionInfo>
    <identifier>a0ead91b-fd4c-4182-abc8-a6d173a07ab4</identifier>
    <workingInode>d6d51407-35ff-4268-b3bc-7ca412bca714</workingInode>
    <lockedOn class="sql-timestamp">2013-05-06 18:36:52.319</lockedOn>
    <deleted>true</deleted>
    <versionTs class="sql-timestamp">2013-05-06 19:05:50.479</versionTs>
  </com.dotmarketing.portlets.templates.model.TemplateVersionInfo>
  <com.dotmarketing.portlets.templates.model.TemplateVersionInfo>
    <identifier>a9026cb3-f34e-4052-95b3-5dc087172677</identifier>
    <liveInode>3a957207-eb3c-4ec6-bfeb-f3613a296a23</liveInode>
    <workingInode>3a957207-eb3c-4ec6-bfeb-f3613a296a23</workingInode>
    <lockedOn class="sql-timestamp">2013-05-06 19:11:01.796</lockedOn>
    <deleted>false</deleted>
    <versionTs class="sql-timestamp">2013-05-06 19:11:01.804</versionTs>
  </com.dotmarketing.portlets.templates.model.TemplateVersionInfo>
  <com.dotmarketing.portlets.templates.model.TemplateVersionInfo>
    <identifier>ade7c405-fb68-437b-bb38-b0b04502861e</identifier>
    <liveInode>4d2ca1fa-8cd5-4547-99b2-733fdb18ad52</liveInode>
    <workingInode>4d2ca1fa-8cd5-4547-99b2-733fdb18ad52</workingInode>
    <lockedOn class="sql-timestamp">2013-05-06 19:11:19.039</lockedOn>
    <deleted>false</deleted>
    <versionTs class="sql-timestamp">2013-05-06 19:11:19.046</versionTs>
  </com.dotmarketing.portlets.templates.model.TemplateVersionInfo>
  <com.dotmarketing.portlets.templates.model.TemplateVersionInfo>
    <identifier>d30a0347-7473-49ab-b67d-cc7a972f4d59</identifier>
    <liveInode>2d38314a-1043-45e7-bd93-3e5f719ac59a</liveInode>
    <workingInode>2d38314a-1043-45e7-bd93-3e5f719ac59a</workingInode>
    <lockedOn class="sql-timestamp">2013-05-06 19:11:38.347</lockedOn>
    <deleted>false</deleted>
    <versionTs class="sql-timestamp">2013-05-06 19:11:38.36</versionTs>
  </com.dotmarketing.portlets.templates.model.TemplateVersionInfo>
  <com.dotmarketing.portlets.templates.model.TemplateVersionInfo>
    <identifier>fdb3f906-e9c4-46c4-b7e4-148201271d04</identifier>
    <liveInode>439f6374-8966-4241-b9a4-e9148b10ec3b</liveInode>
    <workingInode>439f6374-8966-4241-b9a4-e9148b10ec3b</workingInode>
    <lockedOn class="sql-timestamp">2013-05-06 19:12:02.074</lockedOn>
    <deleted>false</deleted>
    <versionTs class="sql-timestamp">2013-05-06 19:12:02.082</versionTs>
  </com.dotmarketing.portlets.templates.model.TemplateVersionInfo>
</list>