<list>
  <com.dotmarketing.beans.Identifier>
    <id>37f52d04-8fd2-41d0-a3dc-01a330aedc41</id>
    <assetName>mobile-product-listing.vtl</assetName>
    <assetType>contentlet</assetType>
    <parentPath>/vtl/widgets/mobile/</parentPath>
    <hostId>23836f6d-6a92-446f-b147-29e4724eedd8</hostId>
  </com.dotmarketing.beans.Identifier>
  <com.dotmarketing.beans.Identifier>
    <id>cb2b4c69-5af4-4e27-a5ae-77532aa9a616</id>
    <assetName>mobile-photo-gallery.vtl</assetName>
    <assetType>contentlet</assetType>
    <parentPath>/vtl/widgets/mobile/</parentPath>
    <hostId>23836f6d-6a92-446f-b147-29e4724eedd8</hostId>
  </com.dotmarketing.beans.Identifier>
  <com.dotmarketing.beans.Identifier>
    <id>68ea1557-9f16-41b7-8201-8a06c121cca3</id>
    <assetName>mobile-banner.vtl</assetName>
    <assetType>contentlet</assetType>
    <parentPath>/vtl/widgets/mobile/</parentPath>
    <hostId>23836f6d-6a92-446f-b147-29e4724eedd8</hostId>
  </com.dotmarketing.beans.Identifier>
  <com.dotmarketing.beans.Identifier>
    <id>12396fa9-507f-43bd-837c-9156d3b479e6</id>
    <assetName>mobile-location-listing.vtl</assetName>
    <assetType>contentlet</assetType>
    <parentPath>/vtl/widgets/mobile/</parentPath>
    <hostId>23836f6d-6a92-446f-b147-29e4724eedd8</hostId>
  </com.dotmarketing.beans.Identifier>
</list>