<list>
  <com.dotmarketing.portlets.structure.model.Relationship>
    <iDate class="sql-timestamp">2011-08-25 19:21:11.712</iDate>
    <type>relationship</type>
    <owner></owner>
    <inode>631a07ea-c840-402d-a330-37ed2826ba30</inode>
    <identifier></identifier>
    <parentStructureInode>799f176a-d32e-4844-a07c-1b5fcd107578</parentStructureInode>
    <childStructureInode>a007def2-896d-4fd1-843b-d3abb5305f3f</childStructureInode>
    <parentRelationName>Blog</parentRelationName>
    <childRelationName>Comments</childRelationName>
    <relationTypeValue>Blog-Comments</relationTypeValue>
    <cardinality>0</cardinality>
    <parentRequired>false</parentRequired>
    <childRequired>false</childRequired>
    <fixed>true</fixed>
  </com.dotmarketing.portlets.structure.model.Relationship>
  <com.dotmarketing.portlets.structure.model.Relationship>
    <iDate class="sql-timestamp">2011-07-13 18:58:02.821</iDate>
    <type>relationship</type>
    <owner></owner>
    <inode>7da8e973-92bd-45b9-bc9e-3f77ca952554</inode>
    <identifier></identifier>
    <parentStructureInode>d2a77f80-2628-4819-bfe9-e9916eb6ba70</parentStructureInode>
    <childStructureInode>ddf29c1e-babd-40a8-bfed-920fc9b8c77f</childStructureInode>
    <parentRelationName>Parent Location</parentRelationName>
    <childRelationName>Child Employee</childRelationName>
    <relationTypeValue>Parent_Location-Child_Employee</relationTypeValue>
    <cardinality>0</cardinality>
    <parentRequired>false</parentRequired>
    <childRequired>false</childRequired>
    <fixed>false</fixed>
  </com.dotmarketing.portlets.structure.model.Relationship>
  <com.dotmarketing.portlets.structure.model.Relationship>
    <iDate class="sql-timestamp">2011-07-05 14:27:51.16</iDate>
    <type>relationship</type>
    <owner></owner>
    <inode>26ff1822-ac3a-4083-ba86-878d2fdf8af2</inode>
    <identifier></identifier>
    <parentStructureInode>a007def2-896d-4fd1-843b-d3abb5305f3f</parentStructureInode>
    <childStructureInode>a007def2-896d-4fd1-843b-d3abb5305f3f</childStructureInode>
    <parentRelationName>Replies</parentRelationName>
    <childRelationName>Parent Comment</childRelationName>
    <relationTypeValue>Comments-Comments</relationTypeValue>
    <cardinality>0</cardinality>
    <parentRequired>false</parentRequired>
    <childRequired>false</childRequired>
    <fixed>false</fixed>
  </com.dotmarketing.portlets.structure.model.Relationship>
  <com.dotmarketing.portlets.structure.model.Relationship>
    <iDate class="sql-timestamp">2011-07-05 14:27:51.106</iDate>
    <type>relationship</type>
    <owner></owner>
    <inode>2b565142-8b48-47d1-9bd4-6f20d1b7d352</inode>
    <identifier></identifier>
    <parentStructureInode>28039964-5615-4ccf-bb96-ded62adbcc6a</parentStructureInode>
    <childStructureInode>a007def2-896d-4fd1-843b-d3abb5305f3f</childStructureInode>
    <parentRelationName>News</parentRelationName>
    <childRelationName>Comments</childRelationName>
    <relationTypeValue>News-Comments</relationTypeValue>
    <cardinality>0</cardinality>
    <parentRequired>false</parentRequired>
    <childRequired>false</childRequired>
    <fixed>true</fixed>
  </com.dotmarketing.portlets.structure.model.Relationship>
  <com.dotmarketing.portlets.structure.model.Relationship>
    <iDate class="sql-timestamp">2011-06-30 20:51:29.626</iDate>
    <type>relationship</type>
    <owner></owner>
    <inode>a2446e0c-0e8f-4308-8b17-9d0e907aaff5</inode>
    <identifier></identifier>
    <parentStructureInode>28039964-5615-4ccf-bb96-ded62adbcc6a</parentStructureInode>
    <childStructureInode>2182e848-0240-4931-b63d-824962b66007</childStructureInode>
    <parentRelationName>Parent News</parentRelationName>
    <childRelationName>Child Media</childRelationName>
    <relationTypeValue>Parent_News-Child_Media</relationTypeValue>
    <cardinality>0</cardinality>
    <parentRequired>false</parentRequired>
    <childRequired>false</childRequired>
    <fixed>false</fixed>
  </com.dotmarketing.portlets.structure.model.Relationship>
</list>