<list>
  <com.dotmarketing.portlets.dashboard.model.DashboardSummaryPeriod>
    <id>1</id>
    <fullDate class="sql-timestamp">2010-12-15 05:00:00.0</fullDate>
    <day>15</day>
    <dayName>Wednesday</dayName>
    <week>3</week>
    <month>12</month>
    <monthName>December</monthName>
    <year>2010</year>
  </com.dotmarketing.portlets.dashboard.model.DashboardSummaryPeriod>
  <com.dotmarketing.portlets.dashboard.model.DashboardSummaryPeriod>
    <id>2</id>
    <fullDate class="sql-timestamp">2010-12-16 05:00:00.0</fullDate>
    <day>16</day>
    <dayName>Thusday</dayName>
    <week>3</week>
    <month>12</month>
    <monthName>December</monthName>
    <year>2010</year>
  </com.dotmarketing.portlets.dashboard.model.DashboardSummaryPeriod>
  <com.dotmarketing.portlets.dashboard.model.DashboardSummaryPeriod>
    <id>3</id>
    <fullDate class="sql-timestamp">2010-12-17 05:00:00.0</fullDate>
    <day>17</day>
    <dayName>Friday</dayName>
    <week>3</week>
    <month>12</month>
    <monthName>December</monthName>
    <year>2010</year>
  </com.dotmarketing.portlets.dashboard.model.DashboardSummaryPeriod>
  <com.dotmarketing.portlets.dashboard.model.DashboardSummaryPeriod>
    <id>4</id>
    <fullDate class="sql-timestamp">2010-12-18 05:00:00.0</fullDate>
    <day>18</day>
    <dayName>Saturday</dayName>
    <week>3</week>
    <month>12</month>
    <monthName>December</monthName>
    <year>2010</year>
  </com.dotmarketing.portlets.dashboard.model.DashboardSummaryPeriod>
  <com.dotmarketing.portlets.dashboard.model.DashboardSummaryPeriod>
    <id>5</id>
    <fullDate class="sql-timestamp">2010-12-21 05:00:00.0</fullDate>
    <day>21</day>
    <dayName>Tuesday</dayName>
    <week>4</week>
    <month>12</month>
    <monthName>December</monthName>
    <year>2010</year>
  </com.dotmarketing.portlets.dashboard.model.DashboardSummaryPeriod>
  <com.dotmarketing.portlets.dashboard.model.DashboardSummaryPeriod>
    <id>6</id>
    <fullDate class="sql-timestamp">2010-12-28 05:00:00.0</fullDate>
    <day>28</day>
    <dayName>Tuesday</dayName>
    <week>5</week>
    <month>12</month>
    <monthName>December</monthName>
    <year>2010</year>
  </com.dotmarketing.portlets.dashboard.model.DashboardSummaryPeriod>
  <com.dotmarketing.portlets.dashboard.model.DashboardSummaryPeriod>
    <id>7</id>
    <fullDate class="sql-timestamp">2013-07-24 04:00:00.0</fullDate>
    <day>24</day>
    <dayName>Wednesday</dayName>
    <week>4</week>
    <month>7</month>
    <monthName>July</monthName>
    <year>2013</year>
  </com.dotmarketing.portlets.dashboard.model.DashboardSummaryPeriod>
  <com.dotmarketing.portlets.dashboard.model.DashboardSummaryPeriod>
    <id>8</id>
    <fullDate class="sql-timestamp">2013-07-25 04:00:00.0</fullDate>
    <day>25</day>
    <dayName>Thusday</dayName>
    <week>4</week>
    <month>7</month>
    <monthName>July</monthName>
    <year>2013</year>
  </com.dotmarketing.portlets.dashboard.model.DashboardSummaryPeriod>
  <com.dotmarketing.portlets.dashboard.model.DashboardSummaryPeriod>
    <id>9</id>
    <fullDate class="sql-timestamp">2013-07-26 04:00:00.0</fullDate>
    <day>26</day>
    <dayName>Friday</dayName>
    <week>4</week>
    <month>7</month>
    <monthName>July</monthName>
    <year>2013</year>
  </com.dotmarketing.portlets.dashboard.model.DashboardSummaryPeriod>
  <com.dotmarketing.portlets.dashboard.model.DashboardSummaryPeriod>
    <id>10</id>
    <fullDate class="sql-timestamp">2013-08-01 04:00:00.0</fullDate>
    <day>1</day>
    <dayName>Thusday</dayName>
    <week>1</week>
    <month>8</month>
    <monthName>August</monthName>
    <year>2013</year>
  </com.dotmarketing.portlets.dashboard.model.DashboardSummaryPeriod>
  <com.dotmarketing.portlets.dashboard.model.DashboardSummaryPeriod>
    <id>11</id>
    <fullDate class="sql-timestamp">2013-08-13 04:00:00.0</fullDate>
    <day>13</day>
    <dayName>Tuesday</dayName>
    <week>3</week>
    <month>8</month>
    <monthName>August</monthName>
    <year>2013</year>
  </com.dotmarketing.portlets.dashboard.model.DashboardSummaryPeriod>
  <com.dotmarketing.portlets.dashboard.model.DashboardSummaryPeriod>
    <id>12</id>
    <fullDate class="sql-timestamp">2013-08-21 04:00:00.0</fullDate>
    <day>21</day>
    <dayName>Wednesday</dayName>
    <week>4</week>
    <month>8</month>
    <monthName>August</monthName>
    <year>2013</year>
  </com.dotmarketing.portlets.dashboard.model.DashboardSummaryPeriod>
  <com.dotmarketing.portlets.dashboard.model.DashboardSummaryPeriod>
    <id>13</id>
    <fullDate class="sql-timestamp">2013-08-30 04:00:00.0</fullDate>
    <day>30</day>
    <dayName>Friday</dayName>
    <week>5</week>
    <month>8</month>
    <monthName>August</monthName>
    <year>2013</year>
  </com.dotmarketing.portlets.dashboard.model.DashboardSummaryPeriod>
</list>