<list>
  <com.dotmarketing.portlets.dashboard.model.DashboardSummaryContent>
    <id>2</id>
    <summary>
      <id>9</id>
      <summaryPeriod>
        <id>9</id>
        <fullDate class="sql-timestamp">2013-07-26 04:00:00.0</fullDate>
        <day>26</day>
        <dayName>Friday</dayName>
        <week>4</week>
        <month>7</month>
        <monthName>July</monthName>
        <year>2013</year>
      </summaryPeriod>
      <hostId>48190c8c-42c4-46af-8d1a-0cd5db894797</hostId>
      <visits>7</visits>
      <pageViews>20</pageViews>
      <uniqueVisits>5</uniqueVisits>
      <newVisits>4</newVisits>
      <avgTimeOnSite class="sql-timestamp">1970-01-01 05:02:49.0</avgTimeOnSite>
      <bounceRate>0</bounceRate>
      <directTraffic>4</directTraffic>
      <referringSites>3</referringSites>
      <searchEngines>0</searchEngines>
    </summary>
    <inode>1bc64711-2cec-4eec-9368-6673ff2732d4</inode>
    <hits>1</hits>
    <uri>/</uri>
    <title>How Can MLPs Pay Out Higher Dividends Than Their Earnings?</title>
  </com.dotmarketing.portlets.dashboard.model.DashboardSummaryContent>
  <com.dotmarketing.portlets.dashboard.model.DashboardSummaryContent>
    <id>3</id>
    <summary>
      <id>12</id>
      <summaryPeriod>
        <id>12</id>
        <fullDate class="sql-timestamp">2013-08-21 04:00:00.0</fullDate>
        <day>21</day>
        <dayName>Wednesday</dayName>
        <week>4</week>
        <month>8</month>
        <monthName>August</monthName>
        <year>2013</year>
      </summaryPeriod>
      <hostId>48190c8c-42c4-46af-8d1a-0cd5db894797</hostId>
      <visits>2</visits>
      <pageViews>19</pageViews>
      <uniqueVisits>1</uniqueVisits>
      <newVisits>1</newVisits>
      <avgTimeOnSite class="sql-timestamp">1970-01-01 05:02:58.0</avgTimeOnSite>
      <bounceRate>0</bounceRate>
      <directTraffic>1</directTraffic>
      <referringSites>1</referringSites>
      <searchEngines>0</searchEngines>
    </summary>
    <inode>564591a4-4a16-4497-9608-1a582535c77d</inode>
    <hits>2</hits>
    <uri>/</uri>
    <title>dotCMS Online Training Session</title>
  </com.dotmarketing.portlets.dashboard.model.DashboardSummaryContent>
  <com.dotmarketing.portlets.dashboard.model.DashboardSummaryContent>
    <id>4</id>
    <summary reference="../../com.dotmarketing.portlets.dashboard.model.DashboardSummaryContent[2]/summary"/>
    <inode>e611f5f8-457d-48f2-9c5e-2b72bbd350bb</inode>
    <hits>6</hits>
    <uri>/</uri>
    <title>dotCMS Online Training Session</title>
  </com.dotmarketing.portlets.dashboard.model.DashboardSummaryContent>
  <com.dotmarketing.portlets.dashboard.model.DashboardSummaryContent>
    <id>5</id>
    <summary reference="../../com.dotmarketing.portlets.dashboard.model.DashboardSummaryContent[2]/summary"/>
    <inode>9f303322-a908-4df0-8194-e1323f11b008</inode>
    <hits>12</hits>
    <uri>/</uri>
    <title>dotCMS Online Training Session</title>
  </com.dotmarketing.portlets.dashboard.model.DashboardSummaryContent>
</list>