<list>
  <com.dotmarketing.portlets.dashboard.model.DashboardSummary404>
    <id>2</id>
    <summaryPeriod>
      <id>9</id>
      <fullDate class="sql-timestamp">2013-07-26 04:00:00.0</fullDate>
      <day>26</day>
      <dayName>Friday</dayName>
      <week>4</week>
      <month>7</month>
      <monthName>July</monthName>
      <year>2013</year>
    </summaryPeriod>
    <hostId>48190c8c-42c4-46af-8d1a-0cd5db894797</hostId>
    <uri>/html/images/skin/arrowClose.gif</uri>
    <refererUri>http://starter.dotcms.com:8080/html/css/leftPreview.css</refererUri>
    <ignored>false</ignored>
    <userPreferences/>
  </com.dotmarketing.portlets.dashboard.model.DashboardSummary404>
  <com.dotmarketing.portlets.dashboard.model.DashboardSummary404>
    <id>3</id>
    <summaryPeriod reference="../../com.dotmarketing.portlets.dashboard.model.DashboardSummary404/summaryPeriod"/>
    <hostId>48190c8c-42c4-46af-8d1a-0cd5db894797</hostId>
    <uri>/html/images/skin/arrowOpen.gif</uri>
    <refererUri>http://starter.dotcms.com:8080/home/index.html?leftMenu=true&amp;livePage=0&amp;language=1&amp;host_id=48190c8c-42c4-46af-8d1a-0cd5db894797</refererUri>
    <ignored>false</ignored>
    <userPreferences/>
  </com.dotmarketing.portlets.dashboard.model.DashboardSummary404>
  <com.dotmarketing.portlets.dashboard.model.DashboardSummary404>
    <id>4</id>
    <summaryPeriod reference="../../com.dotmarketing.portlets.dashboard.model.DashboardSummary404/summaryPeriod"/>
    <hostId>48190c8c-42c4-46af-8d1a-0cd5db894797</hostId>
    <uri>/html/images/skin/arrowClose.gif</uri>
    <refererUri>http://starter.dotcms.com:8080/home/index.html?leftMenu=true&amp;livePage=0&amp;language=1&amp;host_id=48190c8c-42c4-46af-8d1a-0cd5db894797</refererUri>
    <ignored>false</ignored>
    <userPreferences/>
  </com.dotmarketing.portlets.dashboard.model.DashboardSummary404>
  <com.dotmarketing.portlets.dashboard.model.DashboardSummary404>
    <id>5</id>
    <summaryPeriod>
      <id>12</id>
      <fullDate class="sql-timestamp">2013-08-21 04:00:00.0</fullDate>
      <day>21</day>
      <dayName>Wednesday</dayName>
      <week>4</week>
      <month>8</month>
      <monthName>August</monthName>
      <year>2013</year>
    </summaryPeriod>
    <hostId>48190c8c-42c4-46af-8d1a-0cd5db894797</hostId>
    <uri>/news-events/events/%22/dotAsset/d207a04c-66f1-4325-8e6c-d218c9140b1e.png%22/</uri>
    <refererUri>http://starter.dotcms.com:8080/news-events/events/dotcms-online-training-session?id=e611f5f8-457d-48f2-9c5e-2b72bbd350bb&amp;recurrenceStartDate=07/10/2011%2011:00:00&amp;recurrenceEndDate=07/10/2011%2012:00:00</refererUri>
    <ignored>false</ignored>
    <userPreferences/>
  </com.dotmarketing.portlets.dashboard.model.DashboardSummary404>
  <com.dotmarketing.portlets.dashboard.model.DashboardSummary404>
    <id>6</id>
    <summaryPeriod reference="../../com.dotmarketing.portlets.dashboard.model.DashboardSummary404[4]/summaryPeriod"/>
    <hostId>48190c8c-42c4-46af-8d1a-0cd5db894797</hostId>
    <uri>/news-events/events/%22/dotAsset/d207a04c-66f1-4325-8e6c-d218c9140b1e.png%22/</uri>
    <refererUri>http://starter.dotcms.com:8080/news-events/events/dotcms-online-training-session?id=9f303322-a908-4df0-8194-e1323f11b008&amp;recurrenceStartDate=07/10/2011%2011:00:00&amp;recurrenceEndDate=07/10/2011%2012:00:00</refererUri>
    <ignored>false</ignored>
    <userPreferences/>
  </com.dotmarketing.portlets.dashboard.model.DashboardSummary404>
  <com.dotmarketing.portlets.dashboard.model.DashboardSummary404>
    <id>7</id>
    <summaryPeriod reference="../../com.dotmarketing.portlets.dashboard.model.DashboardSummary404[4]/summaryPeriod"/>
    <hostId>48190c8c-42c4-46af-8d1a-0cd5db894797</hostId>
    <uri>/news-events/events/%22/dotAsset/d207a04c-66f1-4325-8e6c-d218c9140b1e.png%22/</uri>
    <refererUri>http://starter.dotcms.com:8080/news-events/events/dotcms-online-training-session?id=564591a4-4a16-4497-9608-1a582535c77d&amp;recurrenceStartDate=07/10/2011%2011:00:00&amp;recurrenceEndDate=07/10/2011%2012:00:00</refererUri>
    <ignored>false</ignored>
    <userPreferences/>
  </com.dotmarketing.portlets.dashboard.model.DashboardSummary404>
  <com.dotmarketing.portlets.dashboard.model.DashboardSummary404>
    <id>8</id>
    <summaryPeriod reference="../../com.dotmarketing.portlets.dashboard.model.DashboardSummary404[4]/summaryPeriod"/>
    <hostId>48190c8c-42c4-46af-8d1a-0cd5db894797</hostId>
    <uri>/news-events/events/%22/dotAsset/d207a04c-66f1-4325-8e6c-d218c9140b1e.png%22/</uri>
    <refererUri>http://starter.dotcms.com:8080/news-events/events/dotcms-online-training-session?id=e611f5f8-457d-48f2-9c5e-2b72bbd350bb&amp;recurrenceStartDate=23/08/2013%2011:00:00&amp;recurrenceEndDate=23/08/2013%2012:00:59</refererUri>
    <ignored>false</ignored>
    <userPreferences/>
  </com.dotmarketing.portlets.dashboard.model.DashboardSummary404>
</list>