<list>
  <map>
    <entry>
      <string>layoutid</string>
      <string>1.1</string>
    </entry>
    <entry>
      <string>portletid</string>
      <string>59</string>
    </entry>
    <entry>
      <string>userid</string>
      <string>group.1</string>
    </entry>
    <entry>
      <string>oddoreven</string>
      <string>0</string>
    </entry>
    <entry>
      <string>rownumber</string>
      <string>0</string>
    </entry>
    <entry>
      <string>questionid</string>
      <string>1</string>
    </entry>
  </map>
</list>