<list>
  <map>
    <entry>
      <string>defaultpreferences</string>
      <string>&lt;portlet-preferences&gt;&#xd;
  &lt;preference&gt;&#xd;
  &lt;name&gt;MenuItems&lt;/name&gt; &#xd;
  &lt;value&gt;&#xd;
    &lt;menu-items&gt;&#xd;
		    &lt;!-- New Menu Items--&gt;&#xd;
		    &lt;menu-item position=&quot;top&quot;&gt;&#xd;
		    	&lt;name&gt;New&lt;/name&gt;&#xd;
		    	&lt;icon&gt;/html/skin/image/dotcms/icons/page_new.gif&lt;/icon&gt;&#xd;
		    	&lt;assoc-portlet /&gt;&#xd;
		    	&lt;params /&gt;&#xd;
		    	&lt;submenu&gt;&#xd;
				  	&lt;menu-item&gt;&#xd;
					  	&lt;name&gt;Group&lt;/name&gt;&#xd;
					  	&lt;icon&gt;/html/skin/image/dotcms/icons/group_add.gif&lt;/icon&gt;&#xd;
					  	&lt;assoc-portlet&gt;9&lt;/assoc-portlet&gt;&#xd;
					  	&lt;render /&gt;&#xd;
					  	&lt;params&gt;&#xd;
					  		&lt;param&gt;&#xd;
					  			&lt;name&gt;struts_action&lt;/name&gt;&#xd;
					  			&lt;value&gt;/admin/list_groups&lt;/value&gt;&#xd;
					  		&lt;/param&gt;&#xd;
					  	&lt;/params&gt;&#xd;
				  	&lt;/menu-item&gt;&#xd;
				  	&lt;menu-item&gt;&#xd;
					  	&lt;name&gt;Role&lt;/name&gt;&#xd;
					  	&lt;icon&gt;/html/skin/image/dotcms/icons/status_online_add.gif&lt;/icon&gt;&#xd;
					  	&lt;assoc-portlet&gt;9&lt;/assoc-portlet&gt;&#xd;
					  	&lt;render /&gt;&#xd;
					  	&lt;params&gt;&#xd;
					  		&lt;param&gt;&#xd;
					  			&lt;name&gt;struts_action&lt;/name&gt;&#xd;
					  			&lt;value&gt;/admin/list_roles&lt;/value&gt;&#xd;
					  		&lt;/param&gt;&#xd;
					  	&lt;/params&gt;&#xd;
				  	&lt;/menu-item&gt;&#xd;
		    	&lt;/submenu&gt;&#xd;
				 &lt;/menu-item&gt;&#xd;
		    &lt;!-- Non-New Menu Items--&gt;&#xd;
		  	&lt;menu-item&gt;&#xd;
			  	&lt;name&gt;Permissions&lt;/name&gt;&#xd;
			  	&lt;icon&gt;/html/skin/image/dotcms/icons/lock.gif&lt;/icon&gt;&#xd;
			  	&lt;assoc-portlet&gt;9&lt;/assoc-portlet&gt;&#xd;
			  	&lt;render /&gt;&#xd;
			  	&lt;params&gt;&#xd;
			  		&lt;param&gt;&#xd;
			  			&lt;name&gt;struts_action&lt;/name&gt;&#xd;
			  			&lt;value&gt;/admin/view&lt;/value&gt;&#xd;
			  		&lt;/param&gt;&#xd;
			  	&lt;/params&gt;&#xd;
			  	&lt;submenu&gt;&#xd;
				  	&lt;menu-item&gt;&#xd;
					  	&lt;name&gt;Groups&lt;/name&gt;&#xd;
					  	&lt;icon&gt;/html/skin/image/dotcms/icons/group_key.gif&lt;/icon&gt;&#xd;
					  	&lt;assoc-portlet&gt;9&lt;/assoc-portlet&gt;&#xd;
					  	&lt;render /&gt;&#xd;
					  	&lt;params&gt;&#xd;
					  		&lt;param&gt;&#xd;
					  			&lt;name&gt;struts_action&lt;/name&gt;&#xd;
					  			&lt;value&gt;/admin/list_groups&lt;/value&gt;&#xd;
					  		&lt;/param&gt;&#xd;
					  	&lt;/params&gt;&#xd;
				  	&lt;/menu-item&gt;&#xd;
				  	&lt;menu-item&gt;&#xd;
					  	&lt;name&gt;Roles&lt;/name&gt;&#xd;
					  	&lt;icon&gt;/html/skin/image/dotcms/icons/status_online_key.gif&lt;/icon&gt;&#xd;
					  	&lt;assoc-portlet&gt;9&lt;/assoc-portlet&gt;&#xd;
					  	&lt;render /&gt;&#xd;
					  	&lt;params&gt;&#xd;
					  		&lt;param&gt;&#xd;
					  			&lt;name&gt;struts_action&lt;/name&gt;&#xd;
					  			&lt;value&gt;/admin/list_roles&lt;/value&gt;&#xd;
					  		&lt;/param&gt;&#xd;
					  	&lt;/params&gt;&#xd;
				  	&lt;/menu-item&gt;&#xd;
				  	&lt;menu-item&gt;&#xd;
					  	&lt;name&gt;Portlets&lt;/name&gt;&#xd;
					  	&lt;icon&gt;/html/skin/image/dotcms/icons/application_cascade_key.gif&lt;/icon&gt;&#xd;
					  	&lt;assoc-portlet&gt;9&lt;/assoc-portlet&gt;&#xd;
					  	&lt;render /&gt;&#xd;
					  	&lt;params&gt;&#xd;
					  		&lt;param&gt;&#xd;
					  			&lt;name&gt;struts_action&lt;/name&gt;&#xd;
					  			&lt;value&gt;/admin/list_portlets&lt;/value&gt;&#xd;
					  		&lt;/param&gt;&#xd;
					  	&lt;/params&gt;&#xd;
				  	&lt;/menu-item&gt;&#xd;
			  	&lt;/submenu&gt;&#xd;
		  	&lt;/menu-item&gt;&#xd;
	    &lt;/menu-items&gt;&#xd;
    &lt;/value&gt; &#xd;
  &lt;/preference&gt;&#xd;
&lt;/portlet-preferences&gt;</string>
    </entry>
    <entry>
      <string>companyid</string>
      <string>dotcms.org</string>
    </entry>
    <entry>
      <string>narrow</string>
      <string>t</string>
    </entry>
    <entry>
      <string>active_</string>
      <string>t</string>
    </entry>
    <entry>
      <string>portletid</string>
      <string>9</string>
    </entry>
    <entry>
      <string>roles</string>
      <string>Administrator,</string>
    </entry>
    <entry>
      <string>oddoreven</string>
      <string>0</string>
    </entry>
    <entry>
      <string>rownumber</string>
      <string>0</string>
    </entry>
    <entry>
      <string>groupid</string>
      <string>SHARED_KEY</string>
    </entry>
  </map>
  <map>
    <entry>
      <string>defaultpreferences</string>
      <string>&lt;portlet-preferences&gt;&#xd;
  &lt;preference&gt;&#xd;
  &lt;name&gt;MenuItems&lt;/name&gt; &#xd;
  &lt;value&gt;&#xd;
    &lt;menu-items&gt;&#xd;
		    &lt;!-- New Menu Items--&gt;&#xd;
		    &lt;menu-item position=&quot;top&quot;&gt;&#xd;
		    	&lt;name&gt;New&lt;/name&gt;&#xd;
		    	&lt;icon&gt;/html/skin/image/dotcms/icons/page_new.gif&lt;/icon&gt;&#xd;
		    	&lt;assoc-portlet&gt;EXT_11&lt;/assoc-portlet&gt;&#xd;
		    	&lt;show-contentlets /&gt;&#xd;
		    	&lt;params /&gt;&#xd;
		    	&lt;submenu/&gt;&#xd;
		    &lt;/menu-item&gt;&#xd;
		    &lt;!-- Non-New Menu Items--&gt;&#xd;
		  	&lt;menu-item&gt;&#xd;
			  	&lt;name&gt;Search Contents&lt;/name&gt;&#xd;
			  	&lt;icon&gt;/html/skin/image/dotcms/icons/newspaper_search.gif&lt;/icon&gt;&#xd;
			  	&lt;assoc-portlet&gt;EXT_11&lt;/assoc-portlet&gt;&#xd;
			  	&lt;params&gt;&#xd;
			  		&lt;param&gt;&#xd;
			  			&lt;name&gt;struts_action&lt;/name&gt;&#xd;
			  			&lt;value&gt;/ext/contentlet/view_contentlets&lt;/value&gt;&#xd;
			  		&lt;/param&gt;&#xd;
			  	&lt;/params&gt;&#xd;
		  	&lt;/menu-item&gt;&#xd;
		  	&lt;menu-item&gt;&#xd;
			  	&lt;name&gt;Import Content&lt;/name&gt;&#xd;
			  	&lt;icon&gt;/html/skin/image/dotcms/icons/newspaper_up.gif&lt;/icon&gt;&#xd;
			  	&lt;assoc-portlet&gt;EXT_11&lt;/assoc-portlet&gt;&#xd;
			  	&lt;params&gt;&#xd;
			  		&lt;param&gt;&#xd;
			  			&lt;name&gt;struts_action&lt;/name&gt;&#xd;
			  			&lt;value&gt;/ext/contentlet/import_contentlets&lt;/value&gt;&#xd;
			  		&lt;/param&gt;&#xd;
			  	&lt;/params&gt;&#xd;
		  	&lt;/menu-item&gt;&#xd;
	    &lt;/menu-items&gt;&#xd;
    &lt;/value&gt; &#xd;
  &lt;/preference&gt;&#xd;
&lt;/portlet-preferences&gt;</string>
    </entry>
    <entry>
      <string>companyid</string>
      <string>dotcms.org</string>
    </entry>
    <entry>
      <string>narrow</string>
      <string>t</string>
    </entry>
    <entry>
      <string>active_</string>
      <string>t</string>
    </entry>
    <entry>
      <string>portletid</string>
      <string>EXT_11</string>
    </entry>
    <entry>
      <string>roles</string>
      <string>CMS Administrator,CMS User,</string>
    </entry>
    <entry>
      <string>oddoreven</string>
      <string>1</string>
    </entry>
    <entry>
      <string>rownumber</string>
      <string>1</string>
    </entry>
    <entry>
      <string>groupid</string>
      <string>SHARED_KEY</string>
    </entry>
  </map>
  <map>
    <entry>
      <string>defaultpreferences</string>
      <string>&lt;portlet-preferences&gt;&lt;/portlet-preferences&gt;</string>
    </entry>
    <entry>
      <string>companyid</string>
      <string>dotcms.org</string>
    </entry>
    <entry>
      <string>narrow</string>
      <string>t</string>
    </entry>
    <entry>
      <string>active_</string>
      <string>t</string>
    </entry>
    <entry>
      <string>portletid</string>
      <string>EXT_13</string>
    </entry>
    <entry>
      <string>roles</string>
      <string>CMS Administrator,</string>
    </entry>
    <entry>
      <string>oddoreven</string>
      <string>0</string>
    </entry>
    <entry>
      <string>rownumber</string>
      <string>2</string>
    </entry>
    <entry>
      <string>groupid</string>
      <string>SHARED_KEY</string>
    </entry>
  </map>
  <map>
    <entry>
      <string>defaultpreferences</string>
      <string>&lt;portlet-preferences&gt;&#xd;
  &lt;preference&gt;&#xd;
  &lt;name&gt;MenuItems&lt;/name&gt; &#xd;
  &lt;value&gt;&#xd;
    &lt;menu-items&gt;&#xd;
		    &lt;!-- New Menu Items--&gt;&#xd;
		    &lt;menu-item position=&quot;top&quot;&gt;&#xd;
		    	&lt;name&gt;New&lt;/name&gt;&#xd;
		    	&lt;icon&gt;/html/skin/image/dotcms/icons/page_new.gif&lt;/icon&gt;&#xd;
		    	&lt;assoc-portlet&gt;EXT_16&lt;/assoc-portlet&gt;&#xd;
		    	&lt;params /&gt;&#xd;
		    	&lt;submenu&gt;&#xd;
				  	&lt;menu-item&gt;&#xd;
					  	&lt;name&gt;Mailing List&lt;/name&gt;&#xd;
					  	&lt;icon&gt;/html/skin/image/dotcms/icons/email_group_add.gif&lt;/icon&gt;&#xd;
					  	&lt;assoc-portlet&gt;EXT_16&lt;/assoc-portlet&gt;&#xd;
						  	&lt;params&gt;&#xd;
						  		&lt;param&gt;&#xd;
						  			&lt;name&gt;struts_action&lt;/name&gt;&#xd;
						  			&lt;value&gt;/ext/usermanager/view_usermanagerlist&lt;/value&gt;&#xd;
						  		&lt;/param&gt;&#xd;
						  	&lt;/params&gt;&#xd;
				  	&lt;/menu-item&gt;&#xd;
		    	&lt;/submenu&gt;&#xd;
		    &lt;/menu-item&gt;&#xd;
		    &lt;!-- Non-New Menu Items--&gt;&#xd;
		  	&lt;menu-item&gt;&#xd;
			  	&lt;name&gt;Mailing Lists&lt;/name&gt;&#xd;
			  	&lt;icon&gt;/html/skin/image/dotcms/icons/email_group.gif&lt;/icon&gt;&#xd;
			  	&lt;assoc-portlet&gt;EXT_16&lt;/assoc-portlet&gt;&#xd;
				  	&lt;params&gt;&#xd;
				  		&lt;param&gt;&#xd;
				  			&lt;name&gt;struts_action&lt;/name&gt;&#xd;
				  			&lt;value&gt;/ext/mailinglists/view_mailinglists&lt;/value&gt;&#xd;
				  		&lt;/param&gt;&#xd;
				  	&lt;/params&gt;&#xd;
		  	&lt;/menu-item&gt;&#xd;
	    &lt;/menu-items&gt;&#xd;
    &lt;/value&gt; &#xd;
  &lt;/preference&gt;&#xd;
&lt;/portlet-preferences&gt;</string>
    </entry>
    <entry>
      <string>companyid</string>
      <string>dotcms.org</string>
    </entry>
    <entry>
      <string>narrow</string>
      <string>f</string>
    </entry>
    <entry>
      <string>active_</string>
      <string>t</string>
    </entry>
    <entry>
      <string>portletid</string>
      <string>EXT_16</string>
    </entry>
    <entry>
      <string>roles</string>
      <string>Mailing Lists Administrator,Mailing List Editor,User Manager Administrator,</string>
    </entry>
    <entry>
      <string>oddoreven</string>
      <string>1</string>
    </entry>
    <entry>
      <string>rownumber</string>
      <string>3</string>
    </entry>
    <entry>
      <string>groupid</string>
      <string>SHARED_KEY</string>
    </entry>
  </map>
  <map>
    <entry>
      <string>defaultpreferences</string>
      <string>&lt;portlet-preferences&gt;&#xd;
  &lt;preference&gt;&#xd;
  &lt;name&gt;MenuItems&lt;/name&gt; &#xd;
  &lt;value&gt;&#xd;
    &lt;menu-items&gt;&#xd;
		    &lt;!-- New Menu Items--&gt;&#xd;
		    &lt;menu-item position=&quot;top&quot;&gt;&#xd;
		    	&lt;name&gt;New&lt;/name&gt;&#xd;
		    	&lt;icon&gt;/html/skin/image/dotcms/icons/page_new.gif&lt;/icon&gt;&#xd;
		    	&lt;assoc-portlet&gt;EXT_19&lt;/assoc-portlet&gt;&#xd;
		    	&lt;params /&gt;&#xd;
		    	&lt;submenu&gt;&#xd;
				  	&lt;menu-item&gt;&#xd;
					  	&lt;name&gt;Campaign&lt;/name&gt;&#xd;
					  	&lt;icon&gt;/html/skin/image/dotcms/icons/transmit_blue_clock_add.gif&lt;/icon&gt;&#xd;
					  	&lt;assoc-portlet&gt;EXT_19&lt;/assoc-portlet&gt;&#xd;
					  	&lt;create-campaign /&gt;&#xd;
						  	&lt;params&gt;&#xd;
						  		&lt;param&gt;&#xd;
						  			&lt;name&gt;struts_action&lt;/name&gt;&#xd;
						  			&lt;value&gt;/ext/campaigns/edit_campaign&lt;/value&gt;&#xd;
						  		&lt;/param&gt;&#xd;
						  		&lt;param&gt;&#xd;
						  			&lt;name&gt;cmd&lt;/name&gt;&#xd;
						  			&lt;value&gt;edit&lt;/value&gt;&#xd;
						  		&lt;/param&gt;&#xd;
						  	&lt;/params&gt;&#xd;
				  	&lt;/menu-item&gt;&#xd;
		    	&lt;/submenu&gt;&#xd;
		    &lt;/menu-item&gt;&#xd;
		    &lt;!-- Non-New Menu Items--&gt;&#xd;
		  	&lt;menu-item&gt;&#xd;
			  	&lt;name&gt;Campaigns&lt;/name&gt;&#xd;
			  	&lt;icon&gt;/html/skin/image/dotcms/icons/transmit_blue_clock.gif&lt;/icon&gt;&#xd;
			  	&lt;assoc-portlet&gt;EXT_19&lt;/assoc-portlet&gt;&#xd;
				  	&lt;params&gt;&#xd;
				  		&lt;param&gt;&#xd;
				  			&lt;name&gt;struts_action&lt;/name&gt;&#xd;
				  			&lt;value&gt;/ext/campaigns/view_campaigns&lt;/value&gt;&#xd;
				  		&lt;/param&gt;&#xd;
				  	&lt;/params&gt;&#xd;
		  	&lt;/menu-item&gt;&#xd;
	    &lt;/menu-items&gt;&#xd;
    &lt;/value&gt; &#xd;
  &lt;/preference&gt;&#xd;
&lt;/portlet-preferences&gt;</string>
    </entry>
    <entry>
      <string>companyid</string>
      <string>dotcms.org</string>
    </entry>
    <entry>
      <string>narrow</string>
      <string>f</string>
    </entry>
    <entry>
      <string>active_</string>
      <string>t</string>
    </entry>
    <entry>
      <string>portletid</string>
      <string>EXT_19</string>
    </entry>
    <entry>
      <string>roles</string>
      <string>Campaign Manager Admin,Campaign Manager Viewer,Campaign Manager Editor,</string>
    </entry>
    <entry>
      <string>oddoreven</string>
      <string>0</string>
    </entry>
    <entry>
      <string>rownumber</string>
      <string>4</string>
    </entry>
    <entry>
      <string>groupid</string>
      <string>SHARED_KEY</string>
    </entry>
  </map>
  <map>
    <entry>
      <string>defaultpreferences</string>
      <string>&lt;portlet-preferences&gt;&#xd;
  &lt;preference&gt;&#xd;
  &lt;name&gt;MenuItems&lt;/name&gt; &#xd;
  &lt;value&gt;&#xd;
    &lt;menu-items&gt;&#xd;
	    &lt;!-- New Menu Items--&gt;&#xd;
	    &lt;menu-item position=&quot;top&quot;&gt;&#xd;
	    	&lt;name&gt;New&lt;/name&gt;&#xd;
	    	&lt;icon&gt;/html/skin/image/dotcms/icons/page_new.gif&lt;/icon&gt;&#xd;
	    	&lt;assoc-portlet /&gt;&#xd;
	    	&lt;params /&gt;&#xd;
	    	&lt;submenu&gt;&#xd;
			  	&lt;menu-item&gt;&#xd;
				  	&lt;name&gt;Category&lt;/name&gt;&#xd;
				  	&lt;icon&gt;/html/skin/image/dotcms/icons/chart_organisation_children_add.gif&lt;/icon&gt;&#xd;
				  	&lt;assoc-portlet&gt;EXT_4&lt;/assoc-portlet&gt;&#xd;
				  	&lt;params&gt;&#xd;
				  		&lt;param&gt;&#xd;
				  			&lt;name&gt;struts_action&lt;/name&gt;&#xd;
				  			&lt;value&gt;/ext/categories/view_category&lt;/value&gt;&#xd;
				  		&lt;/param&gt;&#xd;
				  	&lt;/params&gt;&#xd;
			  	&lt;/menu-item&gt;&#xd;
	    	&lt;/submenu&gt;&#xd;
	    &lt;/menu-item&gt;&#xd;
	    &lt;!-- Non-New Menu Items--&gt;&#xd;
	  	&lt;menu-item&gt;&#xd;
		  	&lt;name&gt;Categories&lt;/name&gt;&#xd;
		  	&lt;icon&gt;/html/skin/image/dotcms/icons/chart_organisation_children.gif&lt;/icon&gt;&#xd;
		  	&lt;assoc-portlet&gt;EXT_4&lt;/assoc-portlet&gt;&#xd;
		  	&lt;params&gt;&#xd;
		  		&lt;param&gt;&#xd;
		  			&lt;name&gt;struts_action&lt;/name&gt;&#xd;
		  			&lt;value&gt;/ext/categories/view_category&lt;/value&gt;&#xd;
		  		&lt;/param&gt;&#xd;
		  	&lt;/params&gt;&#xd;
	  	&lt;/menu-item&gt;&#xd;
    &lt;/menu-items&gt;&#xd;
   &lt;/value&gt; &#xd;
  &lt;/preference&gt;&#xd;
&lt;/portlet-preferences&gt;</string>
    </entry>
    <entry>
      <string>companyid</string>
      <string>dotcms.org</string>
    </entry>
    <entry>
      <string>narrow</string>
      <string>t</string>
    </entry>
    <entry>
      <string>active_</string>
      <string>t</string>
    </entry>
    <entry>
      <string>portletid</string>
      <string>EXT_4</string>
    </entry>
    <entry>
      <string>roles</string>
      <string>CMS Administrator,CMS User,</string>
    </entry>
    <entry>
      <string>oddoreven</string>
      <string>1</string>
    </entry>
    <entry>
      <string>rownumber</string>
      <string>5</string>
    </entry>
    <entry>
      <string>groupid</string>
      <string>SHARED_KEY</string>
    </entry>
  </map>
  <map>
    <entry>
      <string>defaultpreferences</string>
      <string>&lt;portlet-preferences&gt;&#xd;
  &lt;preference&gt;&#xd;
  &lt;name&gt;MenuItems&lt;/name&gt; &#xd;
  &lt;value&gt;&#xd;
    &lt;menu-items&gt;&#xd;
	    &lt;!-- New Menu Items--&gt;&#xd;
		    &lt;menu-item position=&quot;top&quot;&gt;&#xd;
		    	&lt;name&gt;New&lt;/name&gt;&#xd;
		    	&lt;icon&gt;/html/skin/image/dotcms/icons/page_new.gif&lt;/icon&gt;&#xd;
		    	&lt;assoc-portlet /&gt;&#xd;
		    	&lt;params /&gt;&#xd;
		    	&lt;submenu&gt;&#xd;
				  	&lt;menu-item&gt;&#xd;
					  	&lt;name&gt;Category Group&lt;/name&gt;&#xd;
					  	&lt;icon&gt;/html/skin/image/dotcms/icons/chart_organisation_add.gif&lt;/icon&gt;&#xd;
					  	&lt;assoc-portlet&gt;EXT_6&lt;/assoc-portlet&gt;&#xd;
					  	&lt;params&gt;&#xd;
					  		&lt;param&gt;&#xd;
					  			&lt;name&gt;struts_action&lt;/name&gt;&#xd;
					  			&lt;value&gt;/ext/entities/edit_entity&lt;/value&gt;&#xd;
					  		&lt;/param&gt;&#xd;
					  	&lt;/params&gt;&#xd;
				  	&lt;/menu-item&gt;&#xd;
		    	&lt;/submenu&gt;&#xd;
		    &lt;/menu-item&gt;&#xd;
		    &lt;!-- Non-New Menu Items--&gt;&#xd;
		  	&lt;menu-item&gt;&#xd;
			  	&lt;name&gt;Category Groups&lt;/name&gt;&#xd;
			  	&lt;icon&gt;/html/skin/image/dotcms/icons/chart_organisation.gif&lt;/icon&gt;&#xd;
			  	&lt;assoc-portlet&gt;EXT_6&lt;/assoc-portlet&gt;&#xd;
			  	&lt;params&gt;&#xd;
			  		&lt;param&gt;&#xd;
			  			&lt;name&gt;struts_action&lt;/name&gt;&#xd;
			  			&lt;value&gt;/ext/entities/view_entities&lt;/value&gt;&#xd;
			  		&lt;/param&gt;&#xd;
			  	&lt;/params&gt;&#xd;
		  	&lt;/menu-item&gt;&#xd;
	    &lt;/menu-items&gt;&#xd;
    &lt;/value&gt; &#xd;
  &lt;/preference&gt;&#xd;
&lt;/portlet-preferences&gt;</string>
    </entry>
    <entry>
      <string>companyid</string>
      <string>dotcms.org</string>
    </entry>
    <entry>
      <string>narrow</string>
      <string>t</string>
    </entry>
    <entry>
      <string>active_</string>
      <string>t</string>
    </entry>
    <entry>
      <string>portletid</string>
      <string>EXT_6</string>
    </entry>
    <entry>
      <string>roles</string>
      <string>CMS Administrator,</string>
    </entry>
    <entry>
      <string>oddoreven</string>
      <string>0</string>
    </entry>
    <entry>
      <string>rownumber</string>
      <string>6</string>
    </entry>
    <entry>
      <string>groupid</string>
      <string>SHARED_KEY</string>
    </entry>
  </map>
  <map>
    <entry>
      <string>defaultpreferences</string>
      <string>&lt;portlet-preferences&gt;
 &lt;preference&gt;
  &lt;name&gt;MenuItems&lt;/name&gt; 
  &lt;value&gt;
    &lt;!-- New Menu Items--&gt;
    &lt;menu-items&gt;
	    &lt;menu-item position=&quot;top&quot;&gt;
	    	&lt;name&gt;New&lt;/name&gt;
	    	&lt;icon&gt;/html/skin/image/dotcms/icons/page_new.gif&lt;/icon&gt;
	    	&lt;assoc-portlet /&gt;
	    	&lt;params /&gt;
	    	&lt;submenu&gt;
			  	&lt;menu-item&gt;
				  	&lt;name&gt;HTML Pages&lt;/name&gt;
				  	&lt;icon&gt;/html/skin/image/dotcms/icons/page_add.gif&lt;/icon&gt;
				  	&lt;assoc-portlet&gt;EXT_15&lt;/assoc-portlet&gt;
				  	&lt;params&gt;
				  		&lt;param&gt;
				  			&lt;name&gt;struts_action&lt;/name&gt;
				  			&lt;value&gt;/ext/htmlpages/edit_htmlpage&lt;/value&gt;
				  		&lt;/param&gt;
				  	&lt;/params&gt;
			  	&lt;/menu-item&gt;
			  	&lt;menu-item&gt;
				  	&lt;name&gt;Files&lt;/name&gt;
				  	&lt;icon&gt;/html/skin/image/dotcms/icons/page_white_add.gif&lt;/icon&gt;
				  	&lt;assoc-portlet&gt;EXT_3&lt;/assoc-portlet&gt;
				  	&lt;params&gt;
				  		&lt;param&gt;
				  			&lt;name&gt;struts_action&lt;/name&gt;
				  			&lt;value&gt;/ext/files/edit_file&lt;/value&gt;
				  		&lt;/param&gt;
				  	&lt;/params&gt;
			  	&lt;/menu-item&gt;
			  	&lt;menu-item&gt;
				  	&lt;name&gt;Menu Link&lt;/name&gt;
				  	&lt;icon&gt;/html/skin/image/dotcms/icons/link_add.gif&lt;/icon&gt;
				  	&lt;assoc-portlet&gt;EXT_18&lt;/assoc-portlet&gt;
				  	&lt;params&gt;
				  		&lt;param&gt;
				  			&lt;name&gt;struts_action&lt;/name&gt;
				  			&lt;value&gt;/ext/links/edit_link&lt;/value&gt;
				  		&lt;/param&gt;
				  		&lt;param&gt;
				  			&lt;name&gt;cmd&lt;/name&gt;
				  			&lt;value&gt;edit&lt;/value&gt;
				  		&lt;/param&gt;
				  	&lt;/params&gt;
			  	&lt;/menu-item&gt;
			  	&lt;menu-item&gt;
				  	&lt;name&gt;Container&lt;/name&gt;
				  	&lt;icon&gt;/html/skin/image/dotcms/icons/package_add.gif&lt;/icon&gt;
				  	&lt;assoc-portlet&gt;EXT_12&lt;/assoc-portlet&gt;
				  	&lt;params&gt;
				  		&lt;param&gt;
				  			&lt;name&gt;struts_action&lt;/name&gt;
				  			&lt;value&gt;/ext/containers/edit_container&lt;/value&gt;
				  		&lt;/param&gt;
				  	&lt;/params&gt;
			  	&lt;/menu-item&gt;
			  	&lt;menu-item&gt;
				  	&lt;name&gt;Template&lt;/name&gt;
				  	&lt;icon&gt;/html/skin/image/dotcms/icons/layout_add.gif&lt;/icon&gt;
				  	&lt;assoc-portlet&gt;EXT_13&lt;/assoc-portlet&gt;
				  	&lt;params&gt;
				  		&lt;param&gt;
				  			&lt;name&gt;struts_action&lt;/name&gt;
				  			&lt;value&gt;/ext/templates/edit_template&lt;/value&gt;
				  		&lt;/param&gt;
				  	&lt;/params&gt;
			  	&lt;/menu-item&gt;
			  &lt;/submenu&gt;
			&lt;/menu-item&gt;
	    &lt;!-- Non-New Menu Items--&gt;
	  	&lt;menu-item&gt;
		  	&lt;name&gt;Browser&lt;/name&gt;
		  	&lt;icon&gt;/html/skin/image/dotcms/icons/application_side_list_world.gif&lt;/icon&gt;
		  	&lt;assoc-portlet&gt;&lt;/assoc-portlet&gt;
		  	&lt;params&gt;
		  		&lt;param&gt;
		  			&lt;name&gt;struts_action&lt;/name&gt;
		  			&lt;value&gt;/ext/browser/view_browser&lt;/value&gt;
		  		&lt;/param&gt;
		  	&lt;/params&gt;
	  	&lt;/menu-item&gt;
	  	&lt;menu-item&gt;
		  	&lt;name&gt;HTML Pages&lt;/name&gt;
		  	&lt;icon&gt;/html/skin/image/dotcms/icons/page.gif&lt;/icon&gt;
		  	&lt;assoc-portlet&gt;EXT_15&lt;/assoc-portlet&gt;
		  	&lt;params&gt;
		  		&lt;param&gt;
		  			&lt;name&gt;struts_action&lt;/name&gt;
		  			&lt;value&gt;/ext/htmlpages/view_htmlpages&lt;/value&gt;
		  		&lt;/param&gt;
		  	&lt;/params&gt;
	  	&lt;/menu-item&gt;
	  	&lt;menu-item&gt;
		  	&lt;name&gt;Files&lt;/name&gt;
		  	&lt;icon&gt;/html/skin/image/dotcms/icons/page_white_stack.gif&lt;/icon&gt;
		  	&lt;assoc-portlet&gt;EXT_3&lt;/assoc-portlet&gt;
		  	&lt;params&gt;
		  		&lt;param&gt;
		  			&lt;name&gt;struts_action&lt;/name&gt;
		  			&lt;value&gt;/ext/files/view_files&lt;/value&gt;
		  		&lt;/param&gt;
		  	&lt;/params&gt;
	  	&lt;/menu-item&gt;
	  	&lt;menu-item&gt;
		  	&lt;name&gt;Containers&lt;/name&gt;
		  	&lt;icon&gt;/html/skin/image/dotcms/icons/package.gif&lt;/icon&gt;
		  	&lt;assoc-portlet&gt;EXT_12&lt;/assoc-portlet&gt;
		  	&lt;params&gt;
		  		&lt;param&gt;
		  			&lt;name&gt;struts_action&lt;/name&gt;
		  			&lt;value&gt;/ext/containers/view_containers&lt;/value&gt;
		  		&lt;/param&gt;
		  	&lt;/params&gt;
	  	&lt;/menu-item&gt;
	  	&lt;menu-item&gt;
		  	&lt;name&gt;Templates&lt;/name&gt;
		  	&lt;icon&gt;/html/skin/image/dotcms/icons/layout.gif&lt;/icon&gt;
		  	&lt;assoc-portlet&gt;EXT_13&lt;/assoc-portlet&gt;
		  	&lt;params&gt;
		  		&lt;param&gt;
		  			&lt;name&gt;struts_action&lt;/name&gt;
		  			&lt;value&gt;/ext/templates/view_templates&lt;/value&gt;
		  		&lt;/param&gt;
		  	&lt;/params&gt;
	  	&lt;/menu-item&gt;
	  	&lt;menu-item&gt;
		  	&lt;name&gt;Virtual Links&lt;/name&gt;
		  	&lt;icon&gt;/html/skin/image/dotcms/icons/server_link.gif&lt;/icon&gt;
		  	&lt;assoc-portlet&gt;EXT_VIRTUAL_LINKS&lt;/assoc-portlet&gt;
		  	&lt;params&gt;
		  		&lt;param&gt;
		  			&lt;name&gt;struts_action&lt;/name&gt;
		  			&lt;value&gt;/ext/virtuallinks/view_virtuallinks&lt;/value&gt;
		  		&lt;/param&gt;
		  	&lt;/params&gt;
	  	&lt;/menu-item&gt;
	  	&lt;menu-item&gt;
		  	&lt;name&gt;Menu Link&lt;/name&gt;
		  	&lt;icon&gt;/html/skin/image/dotcms/icons/link.gif&lt;/icon&gt;
		  	&lt;assoc-portlet&gt;EXT_18&lt;/assoc-portlet&gt;
		  	&lt;params&gt;
		  		&lt;param&gt;
		  			&lt;name&gt;struts_action&lt;/name&gt;
		  			&lt;value&gt;/ext/links/view_links&lt;/value&gt;
		  		&lt;/param&gt;
		  	&lt;/params&gt;
	  	&lt;/menu-item&gt;
   &lt;/menu-items&gt;
  &lt;/value&gt; 
 &lt;/preference&gt;
&lt;/portlet-preferences&gt;</string>
    </entry>
    <entry>
      <string>companyid</string>
      <string>dotcms.org</string>
    </entry>
    <entry>
      <string>narrow</string>
      <string>f</string>
    </entry>
    <entry>
      <string>active_</string>
      <string>t</string>
    </entry>
    <entry>
      <string>portletid</string>
      <string>EXT_BROWSER</string>
    </entry>
    <entry>
      <string>roles</string>
      <string>CMS Administrator,CMS User,</string>
    </entry>
    <entry>
      <string>oddoreven</string>
      <string>1</string>
    </entry>
    <entry>
      <string>rownumber</string>
      <string>7</string>
    </entry>
    <entry>
      <string>groupid</string>
      <string>SHARED_KEY</string>
    </entry>
  </map>
  <map>
    <entry>
      <string>defaultpreferences</string>
      <string>&lt;portlet-preferences&gt;&#xd;
  &lt;preference&gt;&#xd;
  &lt;name&gt;MenuItems&lt;/name&gt; &#xd;
  &lt;value&gt;&#xd;
    &lt;menu-items&gt;&#xd;
		    &lt;!-- Non-New Menu Items--&gt;&#xd;
		  	&lt;menu-item&gt;&#xd;
			  	&lt;name&gt;Maintenance&lt;/name&gt;&#xd;
			  	&lt;icon&gt;/html/skin/image/dotcms/icons/wrench.gif&lt;/icon&gt;&#xd;
			  	&lt;assoc-portlet&gt;EXT_CMS_MAINTENANCE&lt;/assoc-portlet&gt;&#xd;
			  	&lt;render /&gt;&#xd;
				  	&lt;params&gt;&#xd;
				  		&lt;param&gt;&#xd;
				  			&lt;name&gt;struts_action&lt;/name&gt;&#xd;
				  			&lt;value&gt;/ext/cmsmaintenance/view_cms_maintenance&lt;/value&gt;&#xd;
				  		&lt;/param&gt;&#xd;
				  	&lt;/params&gt;&#xd;
		  	&lt;/menu-item&gt;&#xd;
 	   &lt;/menu-items&gt;&#xd;
    &lt;/value&gt; &#xd;
  &lt;/preference&gt;&#xd;
&lt;/portlet-preferences&gt;</string>
    </entry>
    <entry>
      <string>companyid</string>
      <string>dotcms.org</string>
    </entry>
    <entry>
      <string>narrow</string>
      <string>t</string>
    </entry>
    <entry>
      <string>active_</string>
      <string>t</string>
    </entry>
    <entry>
      <string>portletid</string>
      <string>EXT_CMS_MAINTENANCE</string>
    </entry>
    <entry>
      <string>roles</string>
      <string>CMS Administrator,</string>
    </entry>
    <entry>
      <string>oddoreven</string>
      <string>0</string>
    </entry>
    <entry>
      <string>rownumber</string>
      <string>8</string>
    </entry>
    <entry>
      <string>groupid</string>
      <string>SHARED_KEY</string>
    </entry>
  </map>
  <map>
    <entry>
      <string>defaultpreferences</string>
      <string>&lt;portlet-preferences&gt;
  &lt;preference&gt;
  &lt;name&gt;MenuItems&lt;/name&gt; 
  &lt;value&gt;
    &lt;menu-items&gt;
		    &lt;menu-item position=&quot;top&quot;&gt;
		    	&lt;name&gt;New&lt;/name&gt;
		    	&lt;icon&gt;/html/skin/image/dotcms/icons/page_new.gif&lt;/icon&gt;
		    	&lt;assoc-portlet&gt;EXT_COMMUNICATIONS_MANAGER&lt;/assoc-portlet&gt;
		    	&lt;params /&gt;
		    	&lt;submenu&gt;
				  	&lt;menu-item&gt;
					  	&lt;name&gt;Communication&lt;/name&gt;
					  	&lt;icon&gt;/html/skin/image/dotcms/icons/transmit_blue_page_add.gif&lt;/icon&gt;
					  	&lt;assoc-portlet&gt;EXT_19&lt;/assoc-portlet&gt;
					  	&lt;create-campaign /&gt;
						  	&lt;params&gt;
						  		&lt;param&gt;
						  			&lt;name&gt;struts_action&lt;/name&gt;
						  			&lt;value&gt;/ext/communications/edit_communication&lt;/value&gt;
						  		&lt;/param&gt;
						  		&lt;param&gt;
						  			&lt;name&gt;cmd&lt;/name&gt;
						  			&lt;value&gt;edit&lt;/value&gt;
						  		&lt;/param&gt;
						  	&lt;/params&gt;
				  	&lt;/menu-item&gt;
		    	&lt;/submenu&gt;
		    &lt;/menu-item&gt;
		    &lt;!-- Non-New Menu Items--&gt;
		  	&lt;menu-item&gt;
			  	&lt;name&gt;Communications&lt;/name&gt;
			  	&lt;icon&gt;/html/skin/image/dotcms/icons/transmit_blue_page.gif&lt;/icon&gt;
			  	&lt;assoc-portlet&gt;EXT_COMMUNICATIONS_MANAGER&lt;/assoc-portlet&gt;
				  	&lt;params&gt;
				  		&lt;param&gt;
				  			&lt;name&gt;struts_action&lt;/name&gt;
				  			&lt;value&gt;/ext/communications/view_communications&lt;/value&gt;
				  		&lt;/param&gt;
				  	&lt;/params&gt;
		  	&lt;/menu-item&gt;
    	&lt;/menu-items&gt;
    &lt;/value&gt; 
  &lt;/preference&gt;
&lt;/portlet-preferences&gt;</string>
    </entry>
    <entry>
      <string>companyid</string>
      <string>dotcms.org</string>
    </entry>
    <entry>
      <string>narrow</string>
      <string>f</string>
    </entry>
    <entry>
      <string>active_</string>
      <string>t</string>
    </entry>
    <entry>
      <string>portletid</string>
      <string>EXT_COMMUNICATIONS_MANAGER</string>
    </entry>
    <entry>
      <string>roles</string>
      <string>Campaign Manager Admin,Campaign Manager Editor,</string>
    </entry>
    <entry>
      <string>oddoreven</string>
      <string>1</string>
    </entry>
    <entry>
      <string>rownumber</string>
      <string>9</string>
    </entry>
    <entry>
      <string>groupid</string>
      <string>SHARED_KEY</string>
    </entry>
  </map>
  <map>
    <entry>
      <string>defaultpreferences</string>
      <string>&lt;portlet-preferences&gt;&#xd;
  &lt;preference&gt;&#xd;
  &lt;name&gt;MenuItems&lt;/name&gt; &#xd;
  &lt;value&gt;&#xd;
    &lt;menu-items&gt;&#xd;
		    &lt;!-- New Menu Items--&gt;&#xd;
		    &lt;menu-item position=&quot;top&quot;&gt;&#xd;
		    	&lt;name&gt;New&lt;/name&gt;&#xd;
		    	&lt;icon&gt;/html/skin/image/dotcms/icons/page_new.gif&lt;/icon&gt;&#xd;
		    	&lt;assoc-portlet&gt;EXT_LANG&lt;/assoc-portlet&gt;&#xd;
		    	&lt;params /&gt;&#xd;
		    	&lt;submenu&gt;&#xd;
				  	&lt;menu-item&gt;&#xd;
					  	&lt;name&gt;Dictionary Term&lt;/name&gt;&#xd;
					  	&lt;icon&gt;/html/skin/image/dotcms/icons/book_open_add.gif&lt;/icon&gt;&#xd;
					  	&lt;assoc-portlet&gt;EXT_LANG&lt;/assoc-portlet&gt;&#xd;
					  	&lt;params&gt;&#xd;
					  		&lt;param&gt;&#xd;
					  			&lt;name&gt;struts_action&lt;/name&gt;&#xd;
					  			&lt;value&gt;/ext/languages_manager/edit_languages&lt;/value&gt;&#xd;
					  		&lt;/param&gt;&#xd;
					  		&lt;param&gt;&#xd;
					  			&lt;name&gt;id&lt;/name&gt;&#xd;
					  			&lt;value&gt;&lt;/value&gt;&#xd;
					  		&lt;/param&gt;&#xd;
					  	&lt;/params&gt;&#xd;
				  	&lt;/menu-item&gt;&#xd;
				  &lt;/submenu&gt;&#xd;
		  	&lt;/menu-item&gt;&#xd;
		    &lt;!-- Non-New Menu Items--&gt;&#xd;
		  	&lt;menu-item&gt;&#xd;
			  	&lt;name&gt;Dictionaries&lt;/name&gt;&#xd;
			  	&lt;icon&gt;/html/skin/image/dotcms/icons/book.gif&lt;/icon&gt;&#xd;
			  	&lt;assoc-portlet&gt;EXT_LANG&lt;/assoc-portlet&gt;&#xd;
			  	&lt;params&gt;&#xd;
			  		&lt;param&gt;&#xd;
			  			&lt;name&gt;struts_action&lt;/name&gt;&#xd;
			  			&lt;value&gt;/ext/languages_manager/view_languages_manager&lt;/value&gt;&#xd;
			  		&lt;/param&gt;&#xd;
			  	&lt;/params&gt;&#xd;
		  	&lt;/menu-item&gt;&#xd;
	    &lt;/menu-items&gt;&#xd;
    &lt;/value&gt; &#xd;
  &lt;/preference&gt;&#xd;
&lt;/portlet-preferences&gt;</string>
    </entry>
    <entry>
      <string>companyid</string>
      <string>dotcms.org</string>
    </entry>
    <entry>
      <string>narrow</string>
      <string>t</string>
    </entry>
    <entry>
      <string>active_</string>
      <string>t</string>
    </entry>
    <entry>
      <string>portletid</string>
      <string>EXT_LANG</string>
    </entry>
    <entry>
      <string>roles</string>
      <string>CMS Administrator,</string>
    </entry>
    <entry>
      <string>oddoreven</string>
      <string>0</string>
    </entry>
    <entry>
      <string>rownumber</string>
      <string>10</string>
    </entry>
    <entry>
      <string>groupid</string>
      <string>SHARED_KEY</string>
    </entry>
  </map>
  <map>
    <entry>
      <string>defaultpreferences</string>
      <string>&lt;portlet-preferences&gt;&#xd;
  &lt;preference&gt;&#xd;
  &lt;name&gt;MenuItems&lt;/name&gt; &#xd;
  &lt;value&gt;&#xd;
    &lt;menu-items&gt;&#xd;
		    &lt;!-- New Menu Items--&gt;&#xd;
		    &lt;menu-item position=&quot;top&quot;&gt;&#xd;
		    	&lt;name&gt;New&lt;/name&gt;&#xd;
		    	&lt;icon&gt;/html/skin/image/dotcms/icons/page_new.gif&lt;/icon&gt;&#xd;
		    	&lt;assoc-portlet&gt;EXT_REPORTMANAGER&lt;/assoc-portlet&gt;&#xd;
		    	&lt;create-report /&gt;&#xd;
		    	&lt;params /&gt;&#xd;
		    	&lt;submenu&gt;&#xd;
				  	&lt;menu-item&gt;&#xd;
					  	&lt;name&gt;Report&lt;/name&gt;&#xd;
					  	&lt;icon&gt;/html/skin/image/dotcms/icons/report_add.gif&lt;/icon&gt;&#xd;
					  	&lt;assoc-portlet&gt;EXT_REPORTMANAGER&lt;/assoc-portlet&gt;&#xd;
					  	&lt;params&gt;&#xd;
					  		&lt;param&gt;&#xd;
					  			&lt;name&gt;struts_action&lt;/name&gt;&#xd;
					  			&lt;value&gt;/ext/report/edit_report&lt;/value&gt;&#xd;
					  		&lt;/param&gt;&#xd;
					  	&lt;/params&gt;&#xd;
				  	&lt;/menu-item&gt;&#xd;
		    	&lt;/submenu&gt;&#xd;
		    &lt;/menu-item&gt;&#xd;
		    &lt;!-- Non-New Menu Items--&gt;&#xd;
		  	&lt;menu-item&gt;&#xd;
			  	&lt;name&gt;Reports&lt;/name&gt;&#xd;
			  	&lt;icon&gt;/html/skin/image/dotcms/icons/report.gif&lt;/icon&gt;&#xd;
			  	&lt;assoc-portlet&gt;EXT_REPORTMANAGER&lt;/assoc-portlet&gt;&#xd;
			  	&lt;show-reports /&gt;&#xd;
				  	&lt;params&gt;&#xd;
				  		&lt;param&gt;&#xd;
				  			&lt;name&gt;struts_action&lt;/name&gt;&#xd;
				  			&lt;value&gt;/ext/report/view_reports&lt;/value&gt;&#xd;
				  		&lt;/param&gt;&#xd;
				  	&lt;/params&gt;&#xd;
		  	&lt;/menu-item&gt;&#xd;
	    &lt;/menu-items&gt;&#xd;
    &lt;/value&gt; &#xd;
  &lt;/preference&gt;&#xd;
&lt;/portlet-preferences&gt;</string>
    </entry>
    <entry>
      <string>companyid</string>
      <string>dotcms.org</string>
    </entry>
    <entry>
      <string>narrow</string>
      <string>f</string>
    </entry>
    <entry>
      <string>active_</string>
      <string>t</string>
    </entry>
    <entry>
      <string>portletid</string>
      <string>EXT_REPORTMANAGER</string>
    </entry>
    <entry>
      <string>roles</string>
      <string>CMS Administrator,Report Administrator,Report Editor,Report Viewer,</string>
    </entry>
    <entry>
      <string>oddoreven</string>
      <string>1</string>
    </entry>
    <entry>
      <string>rownumber</string>
      <string>11</string>
    </entry>
    <entry>
      <string>groupid</string>
      <string>SHARED_KEY</string>
    </entry>
  </map>
  <map>
    <entry>
      <string>defaultpreferences</string>
      <string>&lt;portlet-preferences&gt;&#xd;
  &lt;preference&gt;&#xd;
  &lt;name&gt;MenuItems&lt;/name&gt; &#xd;
  &lt;value&gt;&#xd;
    &lt;menu-items&gt;&#xd;
	    &lt;!-- New Menu Items--&gt;&#xd;
		    &lt;menu-item position=&quot;top&quot;&gt;&#xd;
		    	&lt;name&gt;New&lt;/name&gt;&#xd;
		    	&lt;icon&gt;/html/skin/image/dotcms/icons/page_new.gif&lt;/icon&gt;&#xd;
		    	&lt;assoc-portlet /&gt;&#xd;
		    	&lt;params /&gt;&#xd;
		    	&lt;submenu&gt;&#xd;
				  	&lt;menu-item&gt;&#xd;
					  	&lt;name&gt;Structure&lt;/name&gt;&#xd;
					  	&lt;icon&gt;/html/skin/image/dotcms/icons/table_add.gif&lt;/icon&gt;&#xd;
					  	&lt;assoc-portlet&gt;EXT_STRUCTURE&lt;/assoc-portlet&gt;&#xd;
					  	&lt;params&gt;&#xd;
					  		&lt;param&gt;&#xd;
					  			&lt;name&gt;struts_action&lt;/name&gt;&#xd;
					  			&lt;value&gt;/ext/structure/edit_structure&lt;/value&gt;&#xd;
					  		&lt;/param&gt;&#xd;
					  	&lt;/params&gt;&#xd;
				  	&lt;/menu-item&gt;&#xd;
				  	&lt;menu-item&gt;&#xd;
					  	&lt;name&gt;Relationship&lt;/name&gt;&#xd;
					  	&lt;icon&gt;/html/skin/image/dotcms/icons/table_relationship_add.gif&lt;/icon&gt;&#xd;
					  	&lt;assoc-portlet&gt;EXT_STRUCTURE&lt;/assoc-portlet&gt;&#xd;
					  	&lt;params&gt;&#xd;
					  		&lt;param&gt;&#xd;
					  			&lt;name&gt;struts_action&lt;/name&gt;&#xd;
					  			&lt;value&gt;/ext/structure/edit_relationship&lt;/value&gt;&#xd;
					  		&lt;/param&gt;&#xd;
					  	&lt;/params&gt;&#xd;
				  	&lt;/menu-item&gt;&#xd;
		    	&lt;/submenu&gt;&#xd;
		    &lt;/menu-item&gt;&#xd;
		    &lt;!-- Non-New Menu Items--&gt;&#xd;
		  	&lt;menu-item&gt;&#xd;
			  	&lt;name&gt;Structures&lt;/name&gt;&#xd;
			  	&lt;icon&gt;/html/skin/image/dotcms/icons/table_multiple.gif&lt;/icon&gt;&#xd;
			  	&lt;assoc-portlet&gt;EXT_STRUCTURE&lt;/assoc-portlet&gt;&#xd;
			  	&lt;params&gt;&#xd;
			  		&lt;param&gt;&#xd;
			  			&lt;name&gt;struts_action&lt;/name&gt;&#xd;
			  			&lt;value&gt;/ext/structure/view_structure&lt;/value&gt;&#xd;
			  		&lt;/param&gt;&#xd;
			  	&lt;/params&gt;&#xd;
		  	&lt;/menu-item&gt;&#xd;
		  	&lt;menu-item&gt;&#xd;
			  	&lt;name&gt;Relationships&lt;/name&gt;&#xd;
			  	&lt;icon&gt;/html/skin/image/dotcms/icons/table_relationship.gif&lt;/icon&gt;&#xd;
			  	&lt;assoc-portlet&gt;EXT_STRUCTURE&lt;/assoc-portlet&gt;&#xd;
			  	&lt;params&gt;&#xd;
			  		&lt;param&gt;&#xd;
			  			&lt;name&gt;struts_action&lt;/name&gt;&#xd;
			  			&lt;value&gt;/ext/structure/view_relationships&lt;/value&gt;&#xd;
			  		&lt;/param&gt;&#xd;
			  	&lt;/params&gt;&#xd;
		  	&lt;/menu-item&gt;&#xd;
	    &lt;/menu-items&gt;&#xd;
    &lt;/value&gt; &#xd;
  &lt;/preference&gt;&#xd;
&lt;/portlet-preferences&gt;</string>
    </entry>
    <entry>
      <string>companyid</string>
      <string>dotcms.org</string>
    </entry>
    <entry>
      <string>narrow</string>
      <string>f</string>
    </entry>
    <entry>
      <string>active_</string>
      <string>t</string>
    </entry>
    <entry>
      <string>portletid</string>
      <string>EXT_STRUCTURE</string>
    </entry>
    <entry>
      <string>roles</string>
      <string>CMS Administrator,</string>
    </entry>
    <entry>
      <string>oddoreven</string>
      <string>0</string>
    </entry>
    <entry>
      <string>rownumber</string>
      <string>12</string>
    </entry>
    <entry>
      <string>groupid</string>
      <string>SHARED_KEY</string>
    </entry>
  </map>
  <map>
    <entry>
      <string>defaultpreferences</string>
      <string>&lt;portlet-preferences&gt;&#xd;
  &lt;preference&gt;&#xd;
  &lt;name&gt;MenuItems&lt;/name&gt; &#xd;
  &lt;value&gt;&#xd;
    &lt;menu-items&gt;&#xd;
		    &lt;!-- New Menu Items--&gt;&#xd;
		    &lt;menu-item position=&quot;top&quot;&gt;&#xd;
		    	&lt;name&gt;New&lt;/name&gt;&#xd;
		    	&lt;icon&gt;/html/skin/image/dotcms/icons/page_new.gif&lt;/icon&gt;&#xd;
		    	&lt;assoc-portlet&gt;EXT_USERMANAGER&lt;/assoc-portlet&gt;&#xd;
		    	&lt;params /&gt;&#xd;
		    	&lt;submenu&gt;&#xd;
				  	&lt;menu-item&gt;&#xd;
					  	&lt;name&gt;User&lt;/name&gt;&#xd;
					  	&lt;icon&gt;/html/skin/image/dotcms/icons/user_add.gif&lt;/icon&gt;&#xd;
					  	&lt;assoc-portlet&gt;EXT_USERMANAGER&lt;/assoc-portlet&gt;&#xd;
						  	&lt;params&gt;&#xd;
						  		&lt;param&gt;&#xd;
						  			&lt;name&gt;struts_action&lt;/name&gt;&#xd;
						  			&lt;value&gt;/ext/usermanager/edit_usermanager&lt;/value&gt;&#xd;
						  		&lt;/param&gt;&#xd;
						  		&lt;param&gt;&#xd;
						  			&lt;name&gt;cmd&lt;/name&gt;&#xd;
						  			&lt;value&gt;load_register_user&lt;/value&gt;&#xd;
						  		&lt;/param&gt;&#xd;
						  	&lt;/params&gt;&#xd;
				  	&lt;/menu-item&gt;&#xd;
		    	&lt;/submenu&gt;&#xd;
		    &lt;/menu-item&gt;&#xd;
		    &lt;!-- Non-New Menu Items--&gt;&#xd;
		  	&lt;menu-item&gt;&#xd;
			  	&lt;name&gt;Users&lt;/name&gt;&#xd;
			  	&lt;icon&gt;/html/skin/image/dotcms/icons/user.gif&lt;/icon&gt;&#xd;
			  	&lt;assoc-portlet&gt;EXT_USERMANAGER&lt;/assoc-portlet&gt;&#xd;
				  	&lt;params&gt;&#xd;
				  		&lt;param&gt;&#xd;
				  			&lt;name&gt;struts_action&lt;/name&gt;&#xd;
				  			&lt;value&gt;/ext/usermanager/view_usermanagerlist&lt;/value&gt;&#xd;
				  		&lt;/param&gt;&#xd;
				  	&lt;/params&gt;&#xd;
		  	&lt;/menu-item&gt;&#xd;
	    &lt;/menu-items&gt;&#xd;
    &lt;/value&gt; &#xd;
  &lt;/preference&gt;&#xd;
&lt;/portlet-preferences&gt;</string>
    </entry>
    <entry>
      <string>companyid</string>
      <string>dotcms.org</string>
    </entry>
    <entry>
      <string>narrow</string>
      <string>f</string>
    </entry>
    <entry>
      <string>active_</string>
      <string>t</string>
    </entry>
    <entry>
      <string>portletid</string>
      <string>EXT_USERMANAGER</string>
    </entry>
    <entry>
      <string>roles</string>
      <string>Mailing Lists Administrator,User Manager Administrator,User Manager Editor,</string>
    </entry>
    <entry>
      <string>oddoreven</string>
      <string>1</string>
    </entry>
    <entry>
      <string>rownumber</string>
      <string>13</string>
    </entry>
    <entry>
      <string>groupid</string>
      <string>SHARED_KEY</string>
    </entry>
  </map>
  <map>
    <entry>
      <string>defaultpreferences</string>
      <string>&lt;portlet-preferences&gt;&#xd;
  &lt;preference&gt;&#xd;
  &lt;name&gt;MenuItems&lt;/name&gt; &#xd;
  &lt;value&gt;&#xd;
    &lt;menu-items&gt;&#xd;
		    &lt;!-- Non-New Menu Items--&gt;&#xd;
		  	&lt;menu-item&gt;&#xd;
			  	&lt;name&gt;Virtual Links&lt;/name&gt;&#xd;
			  	&lt;icon&gt;/html/skin/image/dotcms/icons/server_link.gif&lt;/icon&gt;&#xd;
			  	&lt;assoc-portlet&gt;EXT_VIRTUAL_LINKS&lt;/assoc-portlet&gt;&#xd;
				  	&lt;params&gt;&#xd;
				  		&lt;param&gt;&#xd;
				  			&lt;name&gt;struts_action&lt;/name&gt;&#xd;
				  			&lt;value&gt;/ext/virtuallinks/view_virtuallinks&lt;/value&gt;&#xd;
				  		&lt;/param&gt;&#xd;
				  	&lt;/params&gt;&#xd;
		  	&lt;/menu-item&gt;&#xd;
    	&lt;/menu-items&gt;&#xd;
    &lt;/value&gt; &#xd;
  &lt;/preference&gt;&#xd;
&lt;/portlet-preferences&gt;</string>
    </entry>
    <entry>
      <string>companyid</string>
      <string>dotcms.org</string>
    </entry>
    <entry>
      <string>narrow</string>
      <string>f</string>
    </entry>
    <entry>
      <string>active_</string>
      <string>t</string>
    </entry>
    <entry>
      <string>portletid</string>
      <string>EXT_VIRTUAL_LINKS</string>
    </entry>
    <entry>
      <string>roles</string>
      <string>Administrator,Power User,</string>
    </entry>
    <entry>
      <string>oddoreven</string>
      <string>0</string>
    </entry>
    <entry>
      <string>rownumber</string>
      <string>14</string>
    </entry>
    <entry>
      <string>groupid</string>
      <string>SHARED_KEY</string>
    </entry>
  </map>
  <map>
    <entry>
      <string>defaultpreferences</string>
      <string>&lt;portlet-preferences&gt;&#xd;
  &lt;preference&gt;&#xd;
  &lt;name&gt;MenuItems&lt;/name&gt; &#xd;
  &lt;value&gt;&#xd;
    &lt;menu-items&gt;&#xd;
		    &lt;!-- Non-New Menu Items--&gt;&#xd;
		  	&lt;menu-item&gt;&#xd;
			  	&lt;name&gt;Web Forms&lt;/name&gt;&#xd;
			  	&lt;icon&gt;/html/skin/image/dotcms/icons/application_form.gif&lt;/icon&gt;&#xd;
			  	&lt;assoc-portlet&gt;EXT_WEBFORMS&lt;/assoc-portlet&gt;&#xd;
			  	&lt;show-webforms /&gt;&#xd;
				  	&lt;params&gt;&#xd;
				  		&lt;param&gt;&#xd;
				  			&lt;name&gt;struts_action&lt;/name&gt;&#xd;
				  			&lt;value&gt;/ext/webforms/view_webforms&lt;/value&gt;&#xd;
				  		&lt;/param&gt;&#xd;
				  	&lt;/params&gt;&#xd;
		  	&lt;/menu-item&gt;&#xd;
    	&lt;/menu-items&gt;&#xd;
    &lt;/value&gt; &#xd;
  &lt;/preference&gt;&#xd;
&lt;/portlet-preferences&gt;</string>
    </entry>
    <entry>
      <string>companyid</string>
      <string>dotcms.org</string>
    </entry>
    <entry>
      <string>narrow</string>
      <string>t</string>
    </entry>
    <entry>
      <string>active_</string>
      <string>t</string>
    </entry>
    <entry>
      <string>portletid</string>
      <string>EXT_WEBFORMS</string>
    </entry>
    <entry>
      <string>roles</string>
      <string>CMS Administrator,</string>
    </entry>
    <entry>
      <string>oddoreven</string>
      <string>1</string>
    </entry>
    <entry>
      <string>rownumber</string>
      <string>15</string>
    </entry>
    <entry>
      <string>groupid</string>
      <string>SHARED_KEY</string>
    </entry>
  </map>
</list>